Company,Revenue_growth_(%),Net_income_growth_(%),Assets_growth_(%),Liabilities_growth_(%),Cash_flow_from_operating_growth_(%)
Apple,-8.353241788768184,-10.6083223855596,-3.7064863548875864,-4.281060047853371,-8.909740057386909
Microsoft,-12.120416079480856,-15.157741301580753,-11.24137617228299,-6.372999304700744,-14.089776491674575
Tesla,-10.956678882400343,-18.985423152918397,-5.9408445540859605,-3.7878388460647456,-10.730486678333552
