{"Company":{"0":"Apple","1":"Microsoft","2":"Tesla"},"Revenue_growth_(%)":{"0":-8.3532417888,"1":-12.1204160795,"2":-10.9566788824},"Net_income_growth_(%)":{"0":-10.6083223856,"1":-15.1577413016,"2":-18.9854231529},"Assets_growth_(%)":{"0":-3.7064863549,"1":-11.2413761723,"2":-5.9408445541},"Liabilities_growth_(%)":{"0":-4.2810600479,"1":-6.3729993047,"2":-3.7878388461},"Cash_flow_from_operating_growth_(%)":{"0":-8.9097400574,"1":-14.0897764917,"2":-10.7304866783}}