{"Year":{"0":2024,"1":2023,"2":2022,"3":2021,"4":2020,"5":2024,"6":2023,"7":2022,"8":2021,"9":2020,"10":2024,"11":2023,"12":2022,"13":2021,"14":2020},"Total_revenue":{"0":391035.0,"1":383285.0,"2":394328.0,"3":365817.0,"4":274515.0,"5":245122.0,"6":211915.0,"7":198270.0,"8":168088.0,"9":143015.0,"10":65898.5,"11":96773.0,"12":81462.0,"13":53823.0,"14":31536.0},"Net_income":{"0":93736.0,"1":96995.0,"2":99803.0,"3":94680.0,"4":57411.0,"5":88136.0,"6":72361.0,"7":72738.0,"8":61271.0,"9":44281.0,"10":8516.75,"11":14974.0,"12":12587.0,"13":5644.0,"14":862.0},"Total_assets":{"0":364980.0,"1":352583.0,"2":352755.0,"3":351002.0,"4":323888.0,"5":512163.0,"6":411976.0,"7":364840.0,"8":333779.0,"9":301311.0,"10":75808.75,"11":106618.0,"12":82338.0,"13":62131.0,"14":52148.0},"Total_liabilities":{"0":308030.0,"1":290437.0,"2":302083.0,"3":287912.0,"4":258549.0,"5":243686.0,"6":205753.0,"7":198298.0,"8":191791.0,"9":183007.0,"10":34603.75,"11":43009.0,"12":36440.0,"13":30548.0,"14":28418.0},"Cash_flow_from_operating_activities":{"0":118254.0,"1":110543.0,"2":122151.0,"3":104038.0,"4":80674.0,"5":118548.0,"6":87582.0,"7":89035.0,"8":76740.0,"9":60675.0,"10":11355.0,"11":13256.0,"12":14724.0,"13":11497.0,"14":5943.0},"Company":{"0":"Apple","1":"Apple","2":"Apple","3":"Apple","4":"Apple","5":"Microsoft","6":"Microsoft","7":"Microsoft","8":"Microsoft","9":"Microsoft","10":"Tesla","11":"Tesla","12":"Tesla","13":"Tesla","14":"Tesla"},"Revenue_growth_(%)":{"0":-10.4767789169,"1":-1.981919777,"2":2.8811458836,"3":-7.2302753038,"4":-24.9583808298,"5":-10.4767789169,"6":-13.5471316324,"7":-6.4389023901,"8":-15.2226761487,"9":-14.9165913093,"10":-10.4767789169,"11":46.8515975326,"12":-15.8215617993,"13":-33.9287029535,"14":-41.4079482749},"Net_income_growth_(%)":{"0":-14.91716228,"1":3.4767858667,"2":2.8949945873,"3":-5.1331122311,"4":-39.3631178707,"5":-14.91716228,"6":-17.898475084,"7":0.5209988806,"8":-15.764799692,"9":-27.7292683325,"10":-14.91716228,"11":75.818240526,"12":-15.9409643382,"13":-55.1600858028,"14":-84.7271438696},"Assets_growth_(%)":{"0":-6.9629023604,"1":-3.3966244726,"2":0.0487828398,"3":-0.4969454721,"4":-7.7247423092,"5":-6.9629023604,"6":-19.561545836,"7":-11.4414431909,"8":-8.5135950005,"9":-9.7273944736,"10":-6.9629023604,"11":40.6407571685,"12":-22.7728901311,"13":-24.5415239622,"14":-16.0676634852},"Liabilities_growth_(%)":{"0":-4.8139660662,"1":-5.7114566763,"2":4.0098196855,"3":-4.6910948316,"4":-10.1986023507,"5":-4.8139660662,"6":-15.5663435733,"7":-3.6232764528,"8":-3.2814249261,"9":-4.5799855051,"10":-4.8139660662,"11":24.2899974714,"12":-15.2735473971,"13":-16.1690450055,"14":-6.9726332329},"Cash_flow_from_operating_growth_(%)":{"0":-11.2433344091,"1":-6.5207096589,"2":10.500891056,"3":-14.8283681673,"4":-22.4571791076,"5":-11.2433344091,"6":-26.1210648851,"7":1.6590166929,"8":-13.8091761667,"9":-20.9343236904,"10":-11.2433344091,"11":16.7415235579,"12":11.0742305371,"13":-21.9165987503,"14":-48.3082543272}}